name,price
Máy đưa võng giúp bé ngủ ngon- GIÁ RẺ,399000.00
NÔI ĐIỆN 2IN1 CÓ TẶNG BỘ VÕNG CHO BÉ YÊU,660000.00
máy đưa võng tự động thế hệ mới FJS - 01N,340000
Nôi Tre Đặt Võng,100000.00
"Adapter máy đưa võng, cục nguồn cho tất cả các loại máy võng",140000.00
Máy đưa võng tự động VA171,399000.00
Nôi em bé điện AUTORU - ECO22 (Nôi cho bé cao cấp),1350000.00
Máy đưa võng cao cấp Sbaby 80 kg,595000.00
Ghế Ăn Trẻ Em Joie Mimzy Snacker Alphabet,1530000.00
"[Tặng quà]Nôi em bé, nôi ngủ chung giường, nôi cho trẻ, nôi gỗ, nôi lắc lư, nôi rung. Tặng kèm: 01 mùng trị giá 150k, HONA SMART",599000.00
Nôi tre đặt võng cho bé khỏi bị cong lưng hình Oval nhiều size,140000.00
NÔI ĐIỆN CAO CẤP CHO BÉ MÀU HỒNG  CÓ TẶNG VÕNG BẢO HÀNH 6 THÁNG - HÀNG VIỆT NAM,645000.00
Nôi điện Hoàng Thành,450000.00
Nôi tre hun khói cho bé hình chữ nhật nhiều size,140000.00
Máy đưa võng em bé và người lớn A100 - SẢN PHẨM MỚI VỚI NHỮNG CẢI TIẾN VƯỢT BẬC,400000
Nôi Mây -Chõng Mây Cho Bé,580000.00
Máy đưa võng nguyên bộ tặng kèm thêm 1 bộ nguồn thay thế,626000.00
Combo nôi tre đặt võng kèm nệm lót cotton hình Size đại Có Chọn Size,200000.00
"Nôi tre hun khói S3 90cm và nệm lót cotton Vietkids (cho bé sơ sinh 0-12 tháng, có thể đặt lên võng xếp)",260000.00
GHẾ RUNG NÔI RUNG ĐIỆN CHO BÉ HÀNG CAO CẤP TẶNG KÈM ĐỒ CHƠI,1250000.00
Nôi tre hun khói cho bé hình chữ nhật nhiều size,140000.00
Nôi rung tự động/ Nôi điện Cũi Cho Bé/ Nôi Điện Ru Tự Động Cho Bé Cao Cấp Kèm Điều Khiển Từ Xa “ Tặng Màn Chống Muỗi “  Võng nôi cho bé bảo hành dài hạn,1599000.00
VS Giường Nôi Trẻ Em Phổ Thông Màn Chống Muỗi Mùa Hè Cho Bé Muỗi Vòm An Toàn,567000.00
MÁY ĐƯA VÕNG CHO BÉ SBABY CAO CẤP GIẢM ỒN ( CHỌN LẺ BỘ PHẬN - NGUYÊN BỘ ),240000.00
Nôi tre đặt võng cho bé Size Vừa,180000.00
Nôi điện đưa tự động cho bé có nhạc Boss Baby,1449000.00
Võng Xếp Sài Gòn Cao Cấp Cưc Dẻ,320000.00
Nôi Rung Cho Bé Ange01 - KUB - Có Bánh Xe Di Chuyển,3199000.00
"Nôi Điện Em Bé Primi PC808 TẶNG NHIỆT KẾ PHA SỮA - Dàn Khung Bằng Thép Có Phủ Sơn Tĩnh Điện Có Móc Gài Chắc Chắn, Thuận Tiện - Cũi Cho Bé Yêu, Nôi Điện Nào Tốt Cho Bé, Nôi Điện Cao Cấp Đẹp Cho Bé - BH Toàn Quốc - BBinstore",1263240
máy đưa vong tự động Domo thế hệ mới,399000.00
"Nôi Rung Điện Tự Động Cho Bé - KUB - Model Mới 2019, Màn Hình Cảm Ứng LED, Phát Nhạc Qua Điện Thoại Bằng Bluetooth, Điều Khiển Từ Xa",1799000.00
Máy đưa võng Vinanoi A100,391000
VÕNG NÔI ĐIỆN 2 TẦNG TỰ ĐỘNG CÓ TẶNG BỘ VÕNG CHO BÉ,960000.00
Nôi em bé điện Autoru - ECO18 (Nôi cho bé cao cấp),1070000.00
Nôi Võng 2in 1 Ko Có Điên,550000.00
Combo nôi tre đặt võng kèm nệm lót cara trơn Chọn Size,240000.00
MÁY ĐƯA VÕNG TỰ ĐỘNG CAO CẤP YUKUSHI,435000.00
SỈ NÔI GỖ DI ĐỘNG TIỆN ÍCH,759000.00
Nôi Điện Võng Xếp 2in1 Của Đại Vĩ,685000.00
Máy đưa võng thế hệ mới nguyên bộ máy và nguồn,350000
